"STATION","NAME","LATITUDE","LONGITUDE","ELEVATION","DATE","PRCP","PRCP_ATTRIBUTES","SNOW","SNOW_ATTRIBUTES","SNWD","SNWD_ATTRIBUTES","TAVG","TAVG_ATTRIBUTES","TMAX","TMAX_ATTRIBUTES","TMIN","TMIN_ATTRIBUTES","TOBS","TOBS_ATTRIBUTES"
"USW00023272","SAN FRANCISCO DOWNTOWN, CA US","37.7705","-122.4269","45.7","2019-01-01","0.0",",,W,2400",,,,,,,"12.8",",,W","7.2",",,W",,
"USW00023272","SAN FRANCISCO DOWNTOWN, CA US","37.7705","-122.4269","45.7","2019-01-02","0.0",",,W,2400",,,,,,,"13.9",",,W","5.6",",,W",,
"USW00023272","SAN FRANCISCO DOWNTOWN, CA US","37.7705","-122.4269","45.7","2019-01-03","0.0",",,W,2400",,,,,,,"12.8",",,W","6.7",",,W",,
"USW00023272","SAN FRANCISCO DOWNTOWN, CA US","37.7705","-122.4269","45.7","2019-01-04","0.0",",,W,2400",,,,,,,"13.3",",,W","7.2",",,W",,
"USW00023272","SAN FRANCISCO DOWNTOWN, CA US","37.7705","-122.4269","45.7","2019-01-05","3.3",",,W,2400",,,,,,,"13.3",",,W","10.0",",,W",,
"USW00023272","SAN FRANCISCO DOWNTOWN, CA US","37.7705","-122.4269","45.7","2019-01-06","32.5",",,W,2400",,,,,,,"13.9",",,W","9.4",",,W",,
"USW00023272","SAN FRANCISCO DOWNTOWN, CA US","37.7705","-122.4269","45.7","2019-01-07","0.0",",,W,2400",,,,,,,"14.4",",,W","10.6",",,W",,
"USW00023272","SAN FRANCISCO DOWNTOWN, CA US","37.7705","-122.4269","45.7","2019-01-08","1.0",",,W,2400",,,,,,,"15.0",",,W","11.1",",,W",,
"USW00023272","SAN FRANCISCO DOWNTOWN, CA US","37.7705","-122.4269","45.7","2019-01-09","1.5",",,W,2400",,,,,,,"16.1",",,W","12.2",",,W",,
"USW00023272","SAN FRANCISCO DOWNTOWN, CA US","37.7705","-122.4269","45.7","2019-01-10","0.0",",,W,2400",,,,,,,"14.4",",,W","10.6",",,W",,
"USW00023272","SAN FRANCISCO DOWNTOWN, CA US","37.7705","-122.4269","45.7","2019-01-11","7.4",",,W,2400",,,,,,,"13.9",",,W","10.0",",,W",,
"USW00023272","SAN FRANCISCO DOWNTOWN, CA US","37.7705","-122.4269","45.7","2019-01-12","0.0",",,W,2400",,,,,,,"16.1",",,W","11.1",",,W",,
"USW00023272","SAN FRANCISCO DOWNTOWN, CA US","37.7705","-122.4269","45.7","2019-01-13","0.0",",,W,2400",,,,,,,"15.6",",,W","8.9",",,W",,
"USW00023272","SAN FRANCISCO DOWNTOWN, CA US","37.7705","-122.4269","45.7","2019-01-14","0.3",",,W,2400",,,,,,,"13.9",",,W","11.1",",,W",,
"USW00023272","SAN FRANCISCO DOWNTOWN, CA US","37.7705","-122.4269","45.7","2019-01-15","21.8",",,W,2400",,,,,,,"13.3",",,W","10.6",",,W",,
"USW00023272","SAN FRANCISCO DOWNTOWN, CA US","37.7705","-122.4269","45.7","2019-01-16","29.0",",,W,2400",,,,,,,"16.1",",,W","11.7",",,W",,
"USW00023272","SAN FRANCISCO DOWNTOWN, CA US","37.7705","-122.4269","45.7","2019-01-17","13.2",",,W,2400",,,,,,,"15.0",",,W","11.1",",,W",,
"USW00023272","SAN FRANCISCO DOWNTOWN, CA US","37.7705","-122.4269","45.7","2019-01-18","0.0",",,W,2400",,,,,,,"16.7",",,W","11.1",",,W",,
"USW00023272","SAN FRANCISCO DOWNTOWN, CA US","37.7705","-122.4269","45.7","2019-01-19","0.0",",,W,2400",,,,,,,"18.9",",,W","12.2",",,W",,
"USW00023272","SAN FRANCISCO DOWNTOWN, CA US","37.7705","-122.4269","45.7","2019-01-20","5.3",",,W,2400",,,,,,,"15.0",",,W","9.4",",,W",,
"USW00023272","SAN FRANCISCO DOWNTOWN, CA US","37.7705","-122.4269","45.7","2019-01-21","0.0",",,W,2400",,,,,,,"13.9",",,W","9.4",",,W",,
"USW00023272","SAN FRANCISCO DOWNTOWN, CA US","37.7705","-122.4269","45.7","2019-01-22","0.0",",,W,2400",,,,,,,"15.6",",,W","7.8",",,W",,
"USW00023272","SAN FRANCISCO DOWNTOWN, CA US","37.7705","-122.4269","45.7","2019-01-23","0.0",",,W,2400",,,,,,,"15.0",",,W","7.8",",,W",,
"USW00023272","SAN FRANCISCO DOWNTOWN, CA US","37.7705","-122.4269","45.7","2019-01-24","0.0",",,W,2400",,,,,,,"18.9",",,W","8.9",",,W",,
"USW00023272","SAN FRANCISCO DOWNTOWN, CA US","37.7705","-122.4269","45.7","2019-01-25","0.0",",,W,2400",,,,,,,"18.3",",,W","9.4",",,W",,
"USW00023272","SAN FRANCISCO DOWNTOWN, CA US","37.7705","-122.4269","45.7","2019-01-26","0.0",",,W,2400",,,,,,,"18.9",",,W","10.0",",,W",,
"USW00023272","SAN FRANCISCO DOWNTOWN, CA US","37.7705","-122.4269","45.7","2019-01-27","0.0",",,W,2400",,,,,,,"18.9",",,W","11.1",",,W",,
"USW00023272","SAN FRANCISCO DOWNTOWN, CA US","37.7705","-122.4269","45.7","2019-01-28","0.0",",,W,2400",,,,,,,"18.9",",,W","12.2",",,W",,
"USW00023272","SAN FRANCISCO DOWNTOWN, CA US","37.7705","-122.4269","45.7","2019-01-29","0.0",",,W,2400",,,,,,,"16.1",",,W","11.1",",,W",,
"USW00023272","SAN FRANCISCO DOWNTOWN, CA US","37.7705","-122.4269","45.7","2019-01-30","2.0",",,W,2400",,,,,,,"16.7",",,W","11.1",",,W",,
"USW00023272","SAN FRANCISCO DOWNTOWN, CA US","37.7705","-122.4269","45.7","2019-01-31","13.0",",,W,2400",,,,,,,"15.6",",,W","11.7",",,W",,
"USW00023272","SAN FRANCISCO DOWNTOWN, CA US","37.7705","-122.4269","45.7","2019-02-01","5.3",",,W,2400",,,,,,,"14.4",",,W","11.7",",,W",,
"USW00023272","SAN FRANCISCO DOWNTOWN, CA US","37.7705","-122.4269","45.7","2019-02-02","18.0",",,W,2400",,,,,,,"15.0",",,W","10.0",",,W",,
"USW00023272","SAN FRANCISCO DOWNTOWN, CA US","37.7705","-122.4269","45.7","2019-02-03","6.4",",,W,2400",,,,,,,"12.8",",,W","10.0",",,W",,
"USW00023272","SAN FRANCISCO DOWNTOWN, CA US","37.7705","-122.4269","45.7","2019-02-04","16.0",",,W,2400",,,,,,,"10.6",",,W","5.6",",,W",,
"USW00023272","SAN FRANCISCO DOWNTOWN, CA US","37.7705","-122.4269","45.7","2019-02-05","1.0",",,W,2400",,,,,,,"10.0",",,W","4.4",",,W",,
"USW00023272","SAN FRANCISCO DOWNTOWN, CA US","37.7705","-122.4269","45.7","2019-02-06","0.0",",,W,2400",,,,,,,"12.2",",,W","5.6",",,W",,
"USW00023272","SAN FRANCISCO DOWNTOWN, CA US","37.7705","-122.4269","45.7","2019-02-07","0.0",",,W,2400",,,,,,,"12.8",",,W","6.1",",,W",,
"USW00023272","SAN FRANCISCO DOWNTOWN, CA US","37.7705","-122.4269","45.7","2019-02-08","6.6",",,W,2400",,,,,,,"10.6",",,W","7.8",",,W",,
"USW00023272","SAN FRANCISCO DOWNTOWN, CA US","37.7705","-122.4269","45.7","2019-02-09","9.7",",,W,2400",,,,,,,"12.2",",,W","7.2",",,W",,
"USW00023272","SAN FRANCISCO DOWNTOWN, CA US","37.7705","-122.4269","45.7","2019-02-10","4.1",",,W,2400",,,,,,,"10.0",",,W","4.4",",,W",,
"USW00023272","SAN FRANCISCO DOWNTOWN, CA US","37.7705","-122.4269","45.7","2019-02-11","0.0",",,W,2400",,,,,,,"11.7",",,W","6.7",",,W",,
"USW00023272","SAN FRANCISCO DOWNTOWN, CA US","37.7705","-122.4269","45.7","2019-02-12","7.1",",,W,2400",,,,,,,"11.7",",,W","6.7",",,W",,
"USW00023272","SAN FRANCISCO DOWNTOWN, CA US","37.7705","-122.4269","45.7","2019-02-13","63.2",",,W,2400",,,,,,,"15.6",",,W","8.3",",,W",,
"USW00023272","SAN FRANCISCO DOWNTOWN, CA US","37.7705","-122.4269","45.7","2019-02-14","25.4",",,W,2400",,,,,,,"16.7",",,W","8.9",",,W",,
"USW00023272","SAN FRANCISCO DOWNTOWN, CA US","37.7705","-122.4269","45.7","2019-02-15","3.6",",,W,2400",,,,,,,"12.2",",,W","7.8",",,W",,
"USW00023272","SAN FRANCISCO DOWNTOWN, CA US","37.7705","-122.4269","45.7","2019-02-16","3.3",",,W,2400",,,,,,,"11.1",",,W","6.7",",,W",,
"USW00023272","SAN FRANCISCO DOWNTOWN, CA US","37.7705","-122.4269","45.7","2019-02-17","4.6",",,W,2400",,,,,,,"11.1",",,W","6.1",",,W",,
"USW00023272","SAN FRANCISCO DOWNTOWN, CA US","37.7705","-122.4269","45.7","2019-02-18","0.0",",,W,2400",,,,,,,"12.8",",,W","6.1",",,W",,
"USW00023272","SAN FRANCISCO DOWNTOWN, CA US","37.7705","-122.4269","45.7","2019-02-19","0.0",",,W,2400",,,,,,,"13.3",",,W","6.1",",,W",,
"USW00023272","SAN FRANCISCO DOWNTOWN, CA US","37.7705","-122.4269","45.7","2019-02-20","0.0",",,W,2400",,,,,,,"12.2",",,W","8.3",",,W",,
"USW00023272","SAN FRANCISCO DOWNTOWN, CA US","37.7705","-122.4269","45.7","2019-02-21","0.0",",,W,2400",,,,,,,"13.3",",,W","6.1",",,W",,
"USW00023272","SAN FRANCISCO DOWNTOWN, CA US","37.7705","-122.4269","45.7","2019-02-22","0.0",",,W,2400",,,,,,,"13.3",",,W","6.7",",,W",,
"USW00023272","SAN FRANCISCO DOWNTOWN, CA US","37.7705","-122.4269","45.7","2019-02-23","0.0",",,W,2400",,,,,,,"12.8",",,W","6.1",",,W",,
"USW00023272","SAN FRANCISCO DOWNTOWN, CA US","37.7705","-122.4269","45.7","2019-02-24","0.0",",,W,2400",,,,,,,"13.9",",,W","8.9",",,W",,
"USW00023272","SAN FRANCISCO DOWNTOWN, CA US","37.7705","-122.4269","45.7","2019-02-25","3.0",",,W,2400",,,,,,,"13.3",",,W","9.4",",,W",,
"USW00023272","SAN FRANCISCO DOWNTOWN, CA US","37.7705","-122.4269","45.7","2019-02-26","16.0",",,W,2400",,,,,,,"14.4",",,W","11.1",",,W",,
"USW00023272","SAN FRANCISCO DOWNTOWN, CA US","37.7705","-122.4269","45.7","2019-02-27","8.4",",,W,2400",,,,,,,"15.6",",,W","9.4",",,W",,
"USW00023272","SAN FRANCISCO DOWNTOWN, CA US","37.7705","-122.4269","45.7","2019-02-28","0.0",",,W,2400",,,,,,,"13.3",",,W","9.4",",,W",,
"USW00023272","SAN FRANCISCO DOWNTOWN, CA US","37.7705","-122.4269","45.7","2019-03-01","0.3",",,W,2400",,,,,,,"13.9",",,W","8.3",",,W",,
"USW00023272","SAN FRANCISCO DOWNTOWN, CA US","37.7705","-122.4269","45.7","2019-03-02","20.6",",,W,2400",,,,,,,"13.3",",,W","10.0",",,W",,
"USW00023272","SAN FRANCISCO DOWNTOWN, CA US","37.7705","-122.4269","45.7","2019-03-03","1.8",",,W,2400",,,,,,,"13.9",",,W","10.0",",,W",,
"USW00023272","SAN FRANCISCO DOWNTOWN, CA US","37.7705","-122.4269","45.7","2019-03-04","2.3",",,W,2400",,,,,,,"13.3",",,W","9.4",",,W",,
"USW00023272","SAN FRANCISCO DOWNTOWN, CA US","37.7705","-122.4269","45.7","2019-03-05","9.4",",,W,2400",,,,,,,"13.9",",,W","10.0",",,W",,
"USW00023272","SAN FRANCISCO DOWNTOWN, CA US","37.7705","-122.4269","45.7","2019-03-06","20.1",",,W,2400",,,,,,,"14.4",",,W","10.0",",,W",,
"USW00023272","SAN FRANCISCO DOWNTOWN, CA US","37.7705","-122.4269","45.7","2019-03-07","1.0",",,W,2400",,,,,,,"12.2",",,W","8.9",",,W",,
"USW00023272","SAN FRANCISCO DOWNTOWN, CA US","37.7705","-122.4269","45.7","2019-03-08","0.0",",,W,2400",,,,,,,"12.2",",,W","7.8",",,W",,
"USW00023272","SAN FRANCISCO DOWNTOWN, CA US","37.7705","-122.4269","45.7","2019-03-09","5.3",",,W,2400",,,,,,,"12.8",",,W","7.8",",,W",,
"USW00023272","SAN FRANCISCO DOWNTOWN, CA US","37.7705","-122.4269","45.7","2019-03-10","4.8",",,W,2400",,,,,,,"13.9",",,W","7.8",",,W",,
"USW00023272","SAN FRANCISCO DOWNTOWN, CA US","37.7705","-122.4269","45.7","2019-03-11","0.0",",,W,2400",,,,,,,"17.2",",,W","7.2",",,W",,
"USW00023272","SAN FRANCISCO DOWNTOWN, CA US","37.7705","-122.4269","45.7","2019-03-12","0.0",",,W,2400",,,,,,,"13.9",",,W","9.4",",,W",,
"USW00023272","SAN FRANCISCO DOWNTOWN, CA US","37.7705","-122.4269","45.7","2019-03-13","0.0",",,W,2400",,,,,,,"16.1",",,W","8.9",",,W",,
"USW00023272","SAN FRANCISCO DOWNTOWN, CA US","37.7705","-122.4269","45.7","2019-03-14","0.0",",,W,2400",,,,,,,"17.8",",,W","8.3",",,W",,
"USW00023272","SAN FRANCISCO DOWNTOWN, CA US","37.7705","-122.4269","45.7","2019-03-15","0.0",",,W,2400",,,,,,,"20.0",",,W","8.9",",,W",,
"USW00023272","SAN FRANCISCO DOWNTOWN, CA US","37.7705","-122.4269","45.7","2019-03-16","0.0",",,W,2400",,,,,,,"21.7",",,W","8.9",",,W",,
"USW00023272","SAN FRANCISCO DOWNTOWN, CA US","37.7705","-122.4269","45.7","2019-03-17","0.0",",,W,2400",,,,,,,"22.2",",,W","9.4",",,W",,
"USW00023272","SAN FRANCISCO DOWNTOWN, CA US","37.7705","-122.4269","45.7","2019-03-18","0.0",",,W,2400",,,,,,,"22.8",",,W","10.6",",,W",,
"USW00023272","SAN FRANCISCO DOWNTOWN, CA US","37.7705","-122.4269","45.7","2019-03-19","0.0",",,W,2400",,,,,,,"20.0",",,W","10.6",",,W",,
"USW00023272","SAN FRANCISCO DOWNTOWN, CA US","37.7705","-122.4269","45.7","2019-03-20","16.8",",,W,2400",,,,,,,"15.6",",,W","10.6",",,W",,
"USW00023272","SAN FRANCISCO DOWNTOWN, CA US","37.7705","-122.4269","45.7","2019-03-21","0.0",",,W,2400",,,,,,,"15.6",",,W","9.4",",,W",,
"USW00023272","SAN FRANCISCO DOWNTOWN, CA US","37.7705","-122.4269","45.7","2019-03-22","15.5",",,W,2400",,,,,,,"13.3",",,W","10.0",",,W",,
"USW00023272","SAN FRANCISCO DOWNTOWN, CA US","37.7705","-122.4269","45.7","2019-03-23","1.5",",,W,2400",,,,,,,"14.4",",,W","10.0",",,W",,
"USW00023272","SAN FRANCISCO DOWNTOWN, CA US","37.7705","-122.4269","45.7","2019-03-24","0.0",",,W,2400",,,,,,,"18.3",",,W","8.9",",,W",,
"USW00023272","SAN FRANCISCO DOWNTOWN, CA US","37.7705","-122.4269","45.7","2019-03-25","4.6",",,W,2400",,,,,,,"16.7",",,W","11.1",",,W",,
"USW00023272","SAN FRANCISCO DOWNTOWN, CA US","37.7705","-122.4269","45.7","2019-03-26","3.0",",,W,2400",,,,,,,"17.8",",,W","9.4",",,W",,
"USW00023272","SAN FRANCISCO DOWNTOWN, CA US","37.7705","-122.4269","45.7","2019-03-27","0.5",",,W,2400",,,,,,,"16.1",",,W","11.7",",,W",,
"USW00023272","SAN FRANCISCO DOWNTOWN, CA US","37.7705","-122.4269","45.7","2019-03-28","2.0",",,W,2400",,,,,,,"17.2",",,W","11.7",",,W",,
"USW00023272","SAN FRANCISCO DOWNTOWN, CA US","37.7705","-122.4269","45.7","2019-03-29","0.0",",,W,2400",,,,,,,"15.0",",,W","9.4",",,W",,
"USW00023272","SAN FRANCISCO DOWNTOWN, CA US","37.7705","-122.4269","45.7","2019-03-30","0.0",",,W,2400",,,,,,,"17.8",",,W","9.4",",,W",,
"USW00023272","SAN FRANCISCO DOWNTOWN, CA US","37.7705","-122.4269","45.7","2019-03-31","0.0",",,W,2400",,,,,,,"22.2",",,W","10.0",",,W",,
"USW00023272","SAN FRANCISCO DOWNTOWN, CA US","37.7705","-122.4269","45.7","2019-04-01","0.5",",,W,2400",,,,,,,"16.7",",,W","11.7",",,W",,
"USW00023272","SAN FRANCISCO DOWNTOWN, CA US","37.7705","-122.4269","45.7","2019-04-02","2.5",",,W,2400",,,,,,,"15.6",",,W","11.7",",,W",,
"USW00023272","SAN FRANCISCO DOWNTOWN, CA US","37.7705","-122.4269","45.7","2019-04-03","0.0",",,W,2400",,,,,,,"15.0",",,W","11.7",",,W",,
"USW00023272","SAN FRANCISCO DOWNTOWN, CA US","37.7705","-122.4269","45.7","2019-04-04","0.3",",,W,2400",,,,,,,"17.2",",,W","11.7",",,W",,
"USW00023272","SAN FRANCISCO DOWNTOWN, CA US","37.7705","-122.4269","45.7","2019-04-05","3.3",",,W,2400",,,,,,,"16.7",",,W","12.2",",,W",,
"USW00023272","SAN FRANCISCO DOWNTOWN, CA US","37.7705","-122.4269","45.7","2019-04-06","0.5",",,W,2400",,,,,,,"18.9",",,W","12.8",",,W",,
"USW00023272","SAN FRANCISCO DOWNTOWN, CA US","37.7705","-122.4269","45.7","2019-04-07","0.0",",,W,2400",,,,,,,"19.4",",,W","13.3",",,W",,
"USW00023272","SAN FRANCISCO DOWNTOWN, CA US","37.7705","-122.4269","45.7","2019-04-08","1.5",",,W,2400",,,,,,,"21.1",",,W","12.2",",,W",,
"USW00023272","SAN FRANCISCO DOWNTOWN, CA US","37.7705","-122.4269","45.7","2019-04-09","0.0",",,W,2400",,,,,,,"16.1",",,W","11.7",",,W",,
"USW00023272","SAN FRANCISCO DOWNTOWN, CA US","37.7705","-122.4269","45.7","2019-04-10","0.0",",,W,2400",,,,,,,"17.2",",,W","10.0",",,W",,
"USW00023272","SAN FRANCISCO DOWNTOWN, CA US","37.7705","-122.4269","45.7","2019-04-11","0.0",",,W,2400",,,,,,,"15.0",",,W","11.7",",,W",,
"USW00023272","SAN FRANCISCO DOWNTOWN, CA US","37.7705","-122.4269","45.7","2019-04-12","0.0",",,W,2400",,,,,,,"17.8",",,W","10.0",",,W",,
"USW00023272","SAN FRANCISCO DOWNTOWN, CA US","37.7705","-122.4269","45.7","2019-04-13","0.0",",,W,2400",,,,,,,"20.6",",,W","10.0",",,W",,
"USW00023272","SAN FRANCISCO DOWNTOWN, CA US","37.7705","-122.4269","45.7","2019-04-14","0.0",",,W,2400",,,,,,,"13.9",",,W","10.0",",,W",,
"USW00023272","SAN FRANCISCO DOWNTOWN, CA US","37.7705","-122.4269","45.7","2019-04-15","0.5",",,W,2400",,,,,,,"13.9",",,W","9.4",",,W",,
"USW00023272","SAN FRANCISCO DOWNTOWN, CA US","37.7705","-122.4269","45.7","2019-04-16","1.5",",,W,2400",,,,,,,"16.1",",,W","10.0",",,W",,
"USW00023272","SAN FRANCISCO DOWNTOWN, CA US","37.7705","-122.4269","45.7","2019-04-17","0.0",",,W,2400",,,,,,,"18.3",",,W","10.0",",,W",,
"USW00023272","SAN FRANCISCO DOWNTOWN, CA US","37.7705","-122.4269","45.7","2019-04-18","0.0",",,W,2400",,,,,,,"23.9",",,W","10.6",",,W",,
"USW00023272","SAN FRANCISCO DOWNTOWN, CA US","37.7705","-122.4269","45.7","2019-04-19","0.0",",,W,2400",,,,,,,"16.1",",,W","10.0",",,W",,
"USW00023272","SAN FRANCISCO DOWNTOWN, CA US","37.7705","-122.4269","45.7","2019-04-20","0.3",",,W,2400",,,,,,,"14.4",",,W","10.6",",,W",,
"USW00023272","SAN FRANCISCO DOWNTOWN, CA US","37.7705","-122.4269","45.7","2019-04-21","0.0",",,W,2400",,,,,,,"17.2",",,W","9.4",",,W",,
"USW00023272","SAN FRANCISCO DOWNTOWN, CA US","37.7705","-122.4269","45.7","2019-04-22","0.0",",,W,2400",,,,,,,"22.8",",,W","10.0",",,W",,
"USW00023272","SAN FRANCISCO DOWNTOWN, CA US","37.7705","-122.4269","45.7","2019-04-23","0.0",",,W,2400",,,,,,,"27.8",",,W","12.2",",,W",,
"USW00023272","SAN FRANCISCO DOWNTOWN, CA US","37.7705","-122.4269","45.7","2019-04-24","0.0",",,W,2400",,,,,,,"23.3",",,W","13.3",",,W",,
"USW00023272","SAN FRANCISCO DOWNTOWN, CA US","37.7705","-122.4269","45.7","2019-04-25","0.0",",,W,2400",,,,,,,"15.6",",,W","11.1",",,W",,
"USW00023272","SAN FRANCISCO DOWNTOWN, CA US","37.7705","-122.4269","45.7","2019-04-26","0.0",",,W,2400",,,,,,,"17.2",",,W","11.1",",,W",,
"USW00023272","SAN FRANCISCO DOWNTOWN, CA US","37.7705","-122.4269","45.7","2019-04-27","0.0",",,W,2400",,,,,,,"16.1",",,W","11.1",",,W",,
"USW00023272","SAN FRANCISCO DOWNTOWN, CA US","37.7705","-122.4269","45.7","2019-04-28","0.0",",,W,2400",,,,,,,"15.6",",,W","10.6",",,W",,
"USW00023272","SAN FRANCISCO DOWNTOWN, CA US","37.7705","-122.4269","45.7","2019-04-29","0.0",",,W,2400",,,,,,,"16.7",",,W","10.6",",,W",,
"USW00023272","SAN FRANCISCO DOWNTOWN, CA US","37.7705","-122.4269","45.7","2019-04-30","0.0",",,W,2400",,,,,,,"15.6",",,W","11.7",",,W",,
"USW00023272","SAN FRANCISCO DOWNTOWN, CA US","37.7705","-122.4269","45.7","2019-05-01","0.0",",,W,2400",,,,,,,"17.8",",,W","10.6",",,W",,
"USW00023272","SAN FRANCISCO DOWNTOWN, CA US","37.7705","-122.4269","45.7","2019-05-02","0.0",",,W,2400",,,,,,,"18.3",",,W","10.6",",,W",,
"USW00023272","SAN FRANCISCO DOWNTOWN, CA US","37.7705","-122.4269","45.7","2019-05-03","0.0",",,W,2400",,,,,,,"16.1",",,W","10.0",",,W",,
"USW00023272","SAN FRANCISCO DOWNTOWN, CA US","37.7705","-122.4269","45.7","2019-05-04","0.0",",,W,2400",,,,,,,"15.0",",,W","10.0",",,W",,
"USW00023272","SAN FRANCISCO DOWNTOWN, CA US","37.7705","-122.4269","45.7","2019-05-05","0.0",",,W,2400",,,,,,,"15.0",",,W","10.6",",,W",,
"USW00023272","SAN FRANCISCO DOWNTOWN, CA US","37.7705","-122.4269","45.7","2019-05-06","0.0",",,W,2400",,,,,,,"14.4",",,W","11.7",",,W",,
"USW00023272","SAN FRANCISCO DOWNTOWN, CA US","37.7705","-122.4269","45.7","2019-05-07","0.0",",,W,2400",,,,,,,"16.7",",,W","11.1",",,W",,
"USW00023272","SAN FRANCISCO DOWNTOWN, CA US","37.7705","-122.4269","45.7","2019-05-08","0.0",",,W,2400",,,,,,,"16.1",",,W","11.7",",,W",,
"USW00023272","SAN FRANCISCO DOWNTOWN, CA US","37.7705","-122.4269","45.7","2019-05-09","0.0",",,W,2400",,,,,,,"16.7",",,W","11.7",",,W",,
"USW00023272","SAN FRANCISCO DOWNTOWN, CA US","37.7705","-122.4269","45.7","2019-05-10","0.0",",,W,2400",,,,,,,"17.2",",,W","11.7",",,W",,
"USW00023272","SAN FRANCISCO DOWNTOWN, CA US","37.7705","-122.4269","45.7","2019-05-11","0.0",",,W,2400",,,,,,,"16.1",",,W","11.7",",,W",,
"USW00023272","SAN FRANCISCO DOWNTOWN, CA US","37.7705","-122.4269","45.7","2019-05-12","0.0",",,W,2400",,,,,,,"15.0",",,W","11.7",",,W",,
"USW00023272","SAN FRANCISCO DOWNTOWN, CA US","37.7705","-122.4269","45.7","2019-05-13","0.0",",,W,2400",,,,,,,"15.6",",,W","11.1",",,W",,
"USW00023272","SAN FRANCISCO DOWNTOWN, CA US","37.7705","-122.4269","45.7","2019-05-14","0.0",",,W,2400",,,,,,,"16.1",",,W","12.2",",,W",,
"USW00023272","SAN FRANCISCO DOWNTOWN, CA US","37.7705","-122.4269","45.7","2019-05-15","13.2",",,W,2400",,,,,,,"17.2",",,W","11.7",",,W",,
"USW00023272","SAN FRANCISCO DOWNTOWN, CA US","37.7705","-122.4269","45.7","2019-05-16","6.6",",,W,2400",,,,,,,"15.0",",,W","10.0",",,W",,
"USW00023272","SAN FRANCISCO DOWNTOWN, CA US","37.7705","-122.4269","45.7","2019-05-17","0.0",",,W,2400",,,,,,,"16.1",",,W","10.0",",,W",,
"USW00023272","SAN FRANCISCO DOWNTOWN, CA US","37.7705","-122.4269","45.7","2019-05-18","19.6",",,W,2400",,,,,,,"13.3",",,W","11.1",",,W",,
"USW00023272","SAN FRANCISCO DOWNTOWN, CA US","37.7705","-122.4269","45.7","2019-05-19","4.1",",,W,2400",,,,,,,"15.6",",,W","9.4",",,W",,
"USW00023272","SAN FRANCISCO DOWNTOWN, CA US","37.7705","-122.4269","45.7","2019-05-20","0.3",",,W,2400",,,,,,,"16.1",",,W","10.6",",,W",,
"USW00023272","SAN FRANCISCO DOWNTOWN, CA US","37.7705","-122.4269","45.7","2019-05-21","5.1",",,W,2400",,,,,,,"15.0",",,W","11.1",",,W",,
"USW00023272","SAN FRANCISCO DOWNTOWN, CA US","37.7705","-122.4269","45.7","2019-05-22","0.0",",,W,2400",,,,,,,"18.3",",,W","11.1",",,W",,
"USW00023272","SAN FRANCISCO DOWNTOWN, CA US","37.7705","-122.4269","45.7","2019-05-23","0.0",",,W,2400",,,,,,,"17.2",",,W","11.7",",,W",,
"USW00023272","SAN FRANCISCO DOWNTOWN, CA US","37.7705","-122.4269","45.7","2019-05-24","0.0",",,W,2400",,,,,,,"17.2",",,W","11.7",",,W",,
"USW00023272","SAN FRANCISCO DOWNTOWN, CA US","37.7705","-122.4269","45.7","2019-05-25","0.0",",,W,2400",,,,,,,"17.2",",,W","11.1",",,W",,
"USW00023272","SAN FRANCISCO DOWNTOWN, CA US","37.7705","-122.4269","45.7","2019-05-26","0.5",",,W,2400",,,,,,,"13.9",",,W","10.6",",,W",,
"USW00023272","SAN FRANCISCO DOWNTOWN, CA US","37.7705","-122.4269","45.7","2019-05-27","0.0",",,W,2400",,,,,,,"15.6",",,W","10.0",",,W",,
"USW00023272","SAN FRANCISCO DOWNTOWN, CA US","37.7705","-122.4269","45.7","2019-05-28","0.0",",,W,2400",,,,,,,"16.1",",,W","11.7",",,W",,
"USW00023272","SAN FRANCISCO DOWNTOWN, CA US","37.7705","-122.4269","45.7","2019-05-29","0.0",",,W,2400",,,,,,,"19.4",",,W","11.1",",,W",,
"USW00023272","SAN FRANCISCO DOWNTOWN, CA US","37.7705","-122.4269","45.7","2019-05-30","0.0",",,W,2400",,,,,,,"13.9",",,W","10.0",",,W",,
"USW00023272","SAN FRANCISCO DOWNTOWN, CA US","37.7705","-122.4269","45.7","2019-05-31","0.0",",,W,2400",,,,,,,"18.3",",,W","10.6",",,W",,
"USW00023272","SAN FRANCISCO DOWNTOWN, CA US","37.7705","-122.4269","45.7","2019-06-01","0.0",",,W,2400",,,,,,,"17.2",",,W","11.1",",,W",,
"USW00023272","SAN FRANCISCO DOWNTOWN, CA US","37.7705","-122.4269","45.7","2019-06-02","0.0",",,W,2400",,,,,,,"16.7",",,W","12.2",",,W",,
"USW00023272","SAN FRANCISCO DOWNTOWN, CA US","37.7705","-122.4269","45.7","2019-06-03","0.0",",,W,2400",,,,,,,"17.2",",,W","10.6",",,W",,
"USW00023272","SAN FRANCISCO DOWNTOWN, CA US","37.7705","-122.4269","45.7","2019-06-04","0.0",",,W,2400",,,,,,,"21.7",",,W","11.7",",,W",,
"USW00023272","SAN FRANCISCO DOWNTOWN, CA US","37.7705","-122.4269","45.7","2019-06-05","0.0",",,W,2400",,,,,,,"21.7",",,W","12.8",",,W",,
"USW00023272","SAN FRANCISCO DOWNTOWN, CA US","37.7705","-122.4269","45.7","2019-06-06","0.0",",,W,2400",,,,,,,"16.1",",,W","10.6",",,W",,
"USW00023272","SAN FRANCISCO DOWNTOWN, CA US","37.7705","-122.4269","45.7","2019-06-07","0.0",",,W,2400",,,,,,,"19.4",",,W","10.6",",,W",,
"USW00023272","SAN FRANCISCO DOWNTOWN, CA US","37.7705","-122.4269","45.7","2019-06-08","0.0",",,W,2400",,,,,,,"26.7",",,W","13.3",",,W",,
"USW00023272","SAN FRANCISCO DOWNTOWN, CA US","37.7705","-122.4269","45.7","2019-06-09","0.0",",,W,2400",,,,,,,"32.8",",,W","16.1",",,W",,
"USW00023272","SAN FRANCISCO DOWNTOWN, CA US","37.7705","-122.4269","45.7","2019-06-10","0.0",",,W,2400",,,,,,,"36.1",",,W","22.2",",,W",,
"USW00023272","SAN FRANCISCO DOWNTOWN, CA US","37.7705","-122.4269","45.7","2019-06-11","0.0",",,W,2400",,,,,,,"33.3",",,W","20.0",",,W",,
"USW00023272","SAN FRANCISCO DOWNTOWN, CA US","37.7705","-122.4269","45.7","2019-06-12","0.0",",,W,2400",,,,,,,"26.1",",,W","14.4",",,W",,
"USW00023272","SAN FRANCISCO DOWNTOWN, CA US","37.7705","-122.4269","45.7","2019-06-13","0.0",",,W,2400",,,,,,,"17.2",",,W","12.8",",,W",,
"USW00023272","SAN FRANCISCO DOWNTOWN, CA US","37.7705","-122.4269","45.7","2019-06-14","0.0",",,W,2400",,,,,,,"16.1",",,W","12.2",",,W",,
"USW00023272","SAN FRANCISCO DOWNTOWN, CA US","37.7705","-122.4269","45.7","2019-06-15","0.0",",,W,2400",,,,,,,"15.0",",,W","11.1",",,W",,
"USW00023272","SAN FRANCISCO DOWNTOWN, CA US","37.7705","-122.4269","45.7","2019-06-16","0.0",",,W,2400",,,,,,,"15.0",",,W","11.1",",,W",,
"USW00023272","SAN FRANCISCO DOWNTOWN, CA US","37.7705","-122.4269","45.7","2019-06-17","0.0",",,W,2400",,,,,,,"18.9",",,W","11.7",",,W",,
"USW00023272","SAN FRANCISCO DOWNTOWN, CA US","37.7705","-122.4269","45.7","2019-06-18","0.0",",,W,2400",,,,,,,"17.8",",,W","12.8",",,W",,
"USW00023272","SAN FRANCISCO DOWNTOWN, CA US","37.7705","-122.4269","45.7","2019-06-19","0.0",",,W,2400",,,,,,,"18.3",",,W","13.3",",,W",,
"USW00023272","SAN FRANCISCO DOWNTOWN, CA US","37.7705","-122.4269","45.7","2019-06-20","0.0",",,W,2400",,,,,,,"18.3",",,W","12.8",",,W",,
"USW00023272","SAN FRANCISCO DOWNTOWN, CA US","37.7705","-122.4269","45.7","2019-06-21","0.0",",,W,2400",,,,,,,"19.4",",,W","12.2",",,W",,
"USW00023272","SAN FRANCISCO DOWNTOWN, CA US","37.7705","-122.4269","45.7","2019-06-22","0.0",",,W,2400",,,,,,,"22.2",",,W","12.2",",,W",,
"USW00023272","SAN FRANCISCO DOWNTOWN, CA US","37.7705","-122.4269","45.7","2019-06-23","0.0",",,W,2400",,,,,,,"22.8",",,W","12.8",",,W",,
"USW00023272","SAN FRANCISCO DOWNTOWN, CA US","37.7705","-122.4269","45.7","2019-06-24","0.0",",,W,2400",,,,,,,"19.4",",,W","12.8",",,W",,
"USW00023272","SAN FRANCISCO DOWNTOWN, CA US","37.7705","-122.4269","45.7","2019-06-25","0.0",",,W,2400",,,,,,,"18.9",",,W","13.3",",,W",,
"USW00023272","SAN FRANCISCO DOWNTOWN, CA US","37.7705","-122.4269","45.7","2019-06-26","0.0",",,W,2400",,,,,,,"18.3",",,W","13.3",",,W",,
"USW00023272","SAN FRANCISCO DOWNTOWN, CA US","37.7705","-122.4269","45.7","2019-06-27","0.0",",,W,2400",,,,,,,"17.8",",,W","12.8",",,W",,
"USW00023272","SAN FRANCISCO DOWNTOWN, CA US","37.7705","-122.4269","45.7","2019-06-28","0.0",",,W,2400",,,,,,,"18.3",",,W","12.2",",,W",,
"USW00023272","SAN FRANCISCO DOWNTOWN, CA US","37.7705","-122.4269","45.7","2019-06-29","0.0",",,W,2400",,,,,,,"17.2",",,W","11.1",",,W",,
"USW00023272","SAN FRANCISCO DOWNTOWN, CA US","37.7705","-122.4269","45.7","2019-06-30","0.0",",,W,2400",,,,,,,"17.2",",,W","12.2",",,W",,
"USW00023272","SAN FRANCISCO DOWNTOWN, CA US","37.7705","-122.4269","45.7","2019-07-01","0.0",",,W,2400",,,,,,,"17.8",",,W","12.2",",,W",,
"USW00023272","SAN FRANCISCO DOWNTOWN, CA US","37.7705","-122.4269","45.7","2019-07-02","0.0",",,W,2400",,,,,,,"18.3",",,W","12.2",",,W",,
"USW00023272","SAN FRANCISCO DOWNTOWN, CA US","37.7705","-122.4269","45.7","2019-07-03","0.0",",,W,2400",,,,,,,"18.9",",,W","11.7",",,W",,
"USW00023272","SAN FRANCISCO DOWNTOWN, CA US","37.7705","-122.4269","45.7","2019-07-04","0.0",",,W,2400",,,,,,,"18.3",",,W","11.7",",,W",,
"USW00023272","SAN FRANCISCO DOWNTOWN, CA US","37.7705","-122.4269","45.7","2019-07-05","0.0",",,W,2400",,,,,,,"19.4",",,W","12.2",",,W",,
"USW00023272","SAN FRANCISCO DOWNTOWN, CA US","37.7705","-122.4269","45.7","2019-07-06","0.0",",,W,2400",,,,,,,"18.9",",,W","12.2",",,W",,
"USW00023272","SAN FRANCISCO DOWNTOWN, CA US","37.7705","-122.4269","45.7","2019-07-07","0.0",",,W,2400",,,,,,,"16.7",",,W","12.2",",,W",,
"USW00023272","SAN FRANCISCO DOWNTOWN, CA US","37.7705","-122.4269","45.7","2019-07-08","0.0",",,W,2400",,,,,,,"16.1",",,W","12.2",",,W",,
"USW00023272","SAN FRANCISCO DOWNTOWN, CA US","37.7705","-122.4269","45.7","2019-07-09","0.0",",,W,2400",,,,,,,"17.8",",,W","12.8",",,W",,
"USW00023272","SAN FRANCISCO DOWNTOWN, CA US","37.7705","-122.4269","45.7","2019-07-10","0.0",",,W,2400",,,,,,,"19.4",",,W","13.9",",,W",,
"USW00023272","SAN FRANCISCO DOWNTOWN, CA US","37.7705","-122.4269","45.7","2019-07-11","0.0",",,W,2400",,,,,,,"17.8",",,W","13.3",",,W",,
"USW00023272","SAN FRANCISCO DOWNTOWN, CA US","37.7705","-122.4269","45.7","2019-07-12","0.0",",,W,2400",,,,,,,"18.3",",,W","11.7",",,W",,
"USW00023272","SAN FRANCISCO DOWNTOWN, CA US","37.7705","-122.4269","45.7","2019-07-13","0.0",",,W,2400",,,,,,,"16.7",",,W","11.7",",,W",,
"USW00023272","SAN FRANCISCO DOWNTOWN, CA US","37.7705","-122.4269","45.7","2019-07-14","0.0",",,W,2400",,,,,,,"17.2",",,W","11.7",",,W",,
"USW00023272","SAN FRANCISCO DOWNTOWN, CA US","37.7705","-122.4269","45.7","2019-07-15","0.0",",,W,2400",,,,,,,"21.1",",,W","13.3",",,W",,
"USW00023272","SAN FRANCISCO DOWNTOWN, CA US","37.7705","-122.4269","45.7","2019-07-16","0.0",",,W,2400",,,,,,,"19.4",",,W","12.2",",,W",,
"USW00023272","SAN FRANCISCO DOWNTOWN, CA US","37.7705","-122.4269","45.7","2019-07-17","0.0",",,W,2400",,,,,,,"21.1",",,W","12.8",",,W",,
"USW00023272","SAN FRANCISCO DOWNTOWN, CA US","37.7705","-122.4269","45.7","2019-07-18","0.0",",,W,2400",,,,,,,"18.3",",,W","13.3",",,W",,
"USW00023272","SAN FRANCISCO DOWNTOWN, CA US","37.7705","-122.4269","45.7","2019-07-19","0.0",",,W,2400",,,,,,,"21.7",",,W","14.4",",,W",,
"USW00023272","SAN FRANCISCO DOWNTOWN, CA US","37.7705","-122.4269","45.7","2019-07-20","0.0",",,W,2400",,,,,,,"18.9",",,W","13.9",",,W",,
"USW00023272","SAN FRANCISCO DOWNTOWN, CA US","37.7705","-122.4269","45.7","2019-07-21","0.0",",,W,2400",,,,,,,"18.9",",,W","13.3",",,W",,
"USW00023272","SAN FRANCISCO DOWNTOWN, CA US","37.7705","-122.4269","45.7","2019-07-22","0.0",",,W,2400",,,,,,,"19.4",",,W","12.8",",,W",,
"USW00023272","SAN FRANCISCO DOWNTOWN, CA US","37.7705","-122.4269","45.7","2019-07-23","0.0",",,W,2400",,,,,,,"18.3",",,W","13.3",",,W",,
"USW00023272","SAN FRANCISCO DOWNTOWN, CA US","37.7705","-122.4269","45.7","2019-07-24","0.0",",,W,2400",,,,,,,"23.9",",,W","12.8",",,W",,
"USW00023272","SAN FRANCISCO DOWNTOWN, CA US","37.7705","-122.4269","45.7","2019-07-25","0.0",",,W,2400",,,,,,,"20.0",",,W","13.3",",,W",,
"USW00023272","SAN FRANCISCO DOWNTOWN, CA US","37.7705","-122.4269","45.7","2019-07-26","0.0",",,W,2400",,,,,,,"18.9",",,W","12.8",",,W",,
"USW00023272","SAN FRANCISCO DOWNTOWN, CA US","37.7705","-122.4269","45.7","2019-07-27","0.0",",,W,2400",,,,,,,"20.0",",,W","12.2",",,W",,
"USW00023272","SAN FRANCISCO DOWNTOWN, CA US","37.7705","-122.4269","45.7","2019-07-28","0.0",",,W,2400",,,,,,,"23.3",",,W","14.4",",,W",,
"USW00023272","SAN FRANCISCO DOWNTOWN, CA US","37.7705","-122.4269","45.7","2019-07-29","0.0",",,W,2400",,,,,,,"18.3",",,W","13.3",",,W",,
"USW00023272","SAN FRANCISCO DOWNTOWN, CA US","37.7705","-122.4269","45.7","2019-07-30","0.0",",,W,2400",,,,,,,"17.8",",,W","12.2",",,W",,
"USW00023272","SAN FRANCISCO DOWNTOWN, CA US","37.7705","-122.4269","45.7","2019-07-31","0.0",",,W,2400",,,,,,,"20.0",",,W","13.3",",,W",,
"USW00023272","SAN FRANCISCO DOWNTOWN, CA US","37.7705","-122.4269","45.7","2019-08-01","0.0",",,W,2400",,,,,,,"17.8",",,W","13.9",",,W",,
"USW00023272","SAN FRANCISCO DOWNTOWN, CA US","37.7705","-122.4269","45.7","2019-08-02","0.0",",,W,2400",,,,,,,"19.4",",,W","13.9",",,W",,
"USW00023272","SAN FRANCISCO DOWNTOWN, CA US","37.7705","-122.4269","45.7","2019-08-03","0.0",",,W,2400",,,,,,,"20.0",",,W","13.3",",,W",,
"USW00023272","SAN FRANCISCO DOWNTOWN, CA US","37.7705","-122.4269","45.7","2019-08-04","0.0",",,W,2400",,,,,,,"20.0",",,W","13.3",",,W",,
"USW00023272","SAN FRANCISCO DOWNTOWN, CA US","37.7705","-122.4269","45.7","2019-08-05","0.0",",,W,2400",,,,,,,"21.1",",,W","13.9",",,W",,
"USW00023272","SAN FRANCISCO DOWNTOWN, CA US","37.7705","-122.4269","45.7","2019-08-06","0.0",",,W,2400",,,,,,,"20.0",",,W","13.9",",,W",,
"USW00023272","SAN FRANCISCO DOWNTOWN, CA US","37.7705","-122.4269","45.7","2019-08-07","0.0",",,W,2400",,,,,,,"18.3",",,W","13.3",",,W",,
"USW00023272","SAN FRANCISCO DOWNTOWN, CA US","37.7705","-122.4269","45.7","2019-08-08","0.0",",,W,2400",,,,,,,"18.9",",,W","13.3",",,W",,
"USW00023272","SAN FRANCISCO DOWNTOWN, CA US","37.7705","-122.4269","45.7","2019-08-09","0.0",",,W,2400",,,,,,,"21.7",",,W","14.4",",,W",,
"USW00023272","SAN FRANCISCO DOWNTOWN, CA US","37.7705","-122.4269","45.7","2019-08-10","0.0",",,W,2400",,,,,,,"20.6",",,W","15.0",",,W",,
"USW00023272","SAN FRANCISCO DOWNTOWN, CA US","37.7705","-122.4269","45.7","2019-08-11","0.0",",,W,2400",,,,,,,"23.3",",,W","13.3",",,W",,
"USW00023272","SAN FRANCISCO DOWNTOWN, CA US","37.7705","-122.4269","45.7","2019-08-12","0.0",",,W,2400",,,,,,,"25.0",",,W","15.0",",,W",,
"USW00023272","SAN FRANCISCO DOWNTOWN, CA US","37.7705","-122.4269","45.7","2019-08-13","0.0",",,W,2400",,,,,,,"24.4",",,W","14.4",",,W",,
"USW00023272","SAN FRANCISCO DOWNTOWN, CA US","37.7705","-122.4269","45.7","2019-08-14","0.0",",,W,2400",,,,,,,"28.9",",,W","15.0",",,W",,
"USW00023272","SAN FRANCISCO DOWNTOWN, CA US","37.7705","-122.4269","45.7","2019-08-15","0.0",",,W,2400",,,,,,,"29.4",",,W","15.6",",,W",,
"USW00023272","SAN FRANCISCO DOWNTOWN, CA US","37.7705","-122.4269","45.7","2019-08-16","0.0",",,W,2400",,,,,,,"22.2",",,W","15.0",",,W",,
"USW00023272","SAN FRANCISCO DOWNTOWN, CA US","37.7705","-122.4269","45.7","2019-08-17","0.0",",,W,2400",,,,,,,"20.6",",,W","14.4",",,W",,
"USW00023272","SAN FRANCISCO DOWNTOWN, CA US","37.7705","-122.4269","45.7","2019-08-18","0.0",",,W,2400",,,,,,,"22.2",",,W","13.9",",,W",,
"USW00023272","SAN FRANCISCO DOWNTOWN, CA US","37.7705","-122.4269","45.7","2019-08-19","0.0",",,W,2400",,,,,,,"18.3",",,W","13.9",",,W",,
"USW00023272","SAN FRANCISCO DOWNTOWN, CA US","37.7705","-122.4269","45.7","2019-08-20","0.0",",,W,2400",,,,,,,"18.3",",,W","15.0",",,W",,
"USW00023272","SAN FRANCISCO DOWNTOWN, CA US","37.7705","-122.4269","45.7","2019-08-21","0.0",",,W,2400",,,,,,,"23.3",",,W","14.4",",,W",,
"USW00023272","SAN FRANCISCO DOWNTOWN, CA US","37.7705","-122.4269","45.7","2019-08-22","0.0",",,W,2400",,,,,,,"22.8",",,W","15.6",",,W",,
"USW00023272","SAN FRANCISCO DOWNTOWN, CA US","37.7705","-122.4269","45.7","2019-08-23","0.0",",,W,2400",,,,,,,"21.7",",,W","15.0",",,W",,
"USW00023272","SAN FRANCISCO DOWNTOWN, CA US","37.7705","-122.4269","45.7","2019-08-24","0.0",",,W,2400",,,,,,,"19.4",",,W","14.4",",,W",,
"USW00023272","SAN FRANCISCO DOWNTOWN, CA US","37.7705","-122.4269","45.7","2019-08-25","0.0",",,W,2400",,,,,,,"18.9",",,W","13.3",",,W",,
"USW00023272","SAN FRANCISCO DOWNTOWN, CA US","37.7705","-122.4269","45.7","2019-08-26","0.0",",,W,2400",,,,,,,"22.2",",,W","12.2",",,W",,
"USW00023272","SAN FRANCISCO DOWNTOWN, CA US","37.7705","-122.4269","45.7","2019-08-27","0.0",",,W,2400",,,,,,,"19.4",",,W","13.3",",,W",,
"USW00023272","SAN FRANCISCO DOWNTOWN, CA US","37.7705","-122.4269","45.7","2019-08-28","0.0",",,W,2400",,,,,,,"20.0",",,W","15.0",",,W",,
"USW00023272","SAN FRANCISCO DOWNTOWN, CA US","37.7705","-122.4269","45.7","2019-08-29","0.0",",,W,2400",,,,,,,"22.8",",,W","16.7",",,W",,
"USW00023272","SAN FRANCISCO DOWNTOWN, CA US","37.7705","-122.4269","45.7","2019-08-30","0.0",",,W,2400",,,,,,,"19.4",",,W","15.6",",,W",,
"USW00023272","SAN FRANCISCO DOWNTOWN, CA US","37.7705","-122.4269","45.7","2019-08-31","0.0",",,W,2400",,,,,,,"24.4",",,W","15.6",",,W",,
"USW00023272","SAN FRANCISCO DOWNTOWN, CA US","37.7705","-122.4269","45.7","2019-09-01","0.0",",,W,2400",,,,,,,"21.1",",,W","15.6",",,W",,
"USW00023272","SAN FRANCISCO DOWNTOWN, CA US","37.7705","-122.4269","45.7","2019-09-02","0.0",",,W,2400",,,,,,,"17.8",",,W","15.6",",,W",,
"USW00023272","SAN FRANCISCO DOWNTOWN, CA US","37.7705","-122.4269","45.7","2019-09-03","0.0",",,W,2400",,,,,,,"19.4",",,W","13.3",",,W",,
"USW00023272","SAN FRANCISCO DOWNTOWN, CA US","37.7705","-122.4269","45.7","2019-09-04","0.0",",,W,2400",,,,,,,"20.6",",,W","13.9",",,W",,
"USW00023272","SAN FRANCISCO DOWNTOWN, CA US","37.7705","-122.4269","45.7","2019-09-05","0.0",",,W,2400",,,,,,,"19.4",",,W","13.9",",,W",,
"USW00023272","SAN FRANCISCO DOWNTOWN, CA US","37.7705","-122.4269","45.7","2019-09-06","0.0",",,W,2400",,,,,,,"17.8",",,W","13.9",",,W",,
"USW00023272","SAN FRANCISCO DOWNTOWN, CA US","37.7705","-122.4269","45.7","2019-09-07","0.0",",,W,2400",,,,,,,"19.4",",,W","14.4",",,W",,
"USW00023272","SAN FRANCISCO DOWNTOWN, CA US","37.7705","-122.4269","45.7","2019-09-08","0.0",",,W,2400",,,,,,,"20.0",",,W","13.3",",,W",,
"USW00023272","SAN FRANCISCO DOWNTOWN, CA US","37.7705","-122.4269","45.7","2019-09-09","0.0",",,W,2400",,,,,,,"21.1",",,W","13.3",",,W",,
"USW00023272","SAN FRANCISCO DOWNTOWN, CA US","37.7705","-122.4269","45.7","2019-09-10","0.0",",,W,2400",,,,,,,"19.4",",,W","12.8",",,W",,
"USW00023272","SAN FRANCISCO DOWNTOWN, CA US","37.7705","-122.4269","45.7","2019-09-11","0.0",",,W,2400",,,,,,,"24.4",",,W","13.9",",,W",,
"USW00023272","SAN FRANCISCO DOWNTOWN, CA US","37.7705","-122.4269","45.7","2019-09-12","0.0",",,W,2400",,,,,,,"31.1",",,W","16.7",",,W",,
"USW00023272","SAN FRANCISCO DOWNTOWN, CA US","37.7705","-122.4269","45.7","2019-09-13","0.0",",,W,2400",,,,,,,"34.4",",,W","18.3",",,W",,
"USW00023272","SAN FRANCISCO DOWNTOWN, CA US","37.7705","-122.4269","45.7","2019-09-14","0.0",",,W,2400",,,,,,,"21.1",",,W","15.0",",,W",,
"USW00023272","SAN FRANCISCO DOWNTOWN, CA US","37.7705","-122.4269","45.7","2019-09-15","0.0",",,W,2400",,,,,,,"19.4",",,W","13.9",",,W",,
"USW00023272","SAN FRANCISCO DOWNTOWN, CA US","37.7705","-122.4269","45.7","2019-09-16","1.8",",,W,2400",,,,,,,"20.0",",,W","15.0",",,W",,
"USW00023272","SAN FRANCISCO DOWNTOWN, CA US","37.7705","-122.4269","45.7","2019-09-17","0.0",",,W,2400",,,,,,,"21.1",",,W","13.9",",,W",,
"USW00023272","SAN FRANCISCO DOWNTOWN, CA US","37.7705","-122.4269","45.7","2019-09-18","0.5",",,W,2400",,,,,,,"21.1",",,W","15.6",",,W",,
"USW00023272","SAN FRANCISCO DOWNTOWN, CA US","37.7705","-122.4269","45.7","2019-09-19","0.0",",,W,2400",,,,,,,"21.7",",,W","13.9",",,W",,
"USW00023272","SAN FRANCISCO DOWNTOWN, CA US","37.7705","-122.4269","45.7","2019-09-20","0.0",",,W,2400",,,,,,,"26.1",",,W","15.0",",,W",,
"USW00023272","SAN FRANCISCO DOWNTOWN, CA US","37.7705","-122.4269","45.7","2019-09-21","0.0",",,W,2400",,,,,,,"28.9",",,W","15.6",",,W",,
"USW00023272","SAN FRANCISCO DOWNTOWN, CA US","37.7705","-122.4269","45.7","2019-09-22","0.0",",,W,2400",,,,,,,"20.0",",,W","13.9",",,W",,
"USW00023272","SAN FRANCISCO DOWNTOWN, CA US","37.7705","-122.4269","45.7","2019-09-23","0.0",",,W,2400",,,,,,,"25.0",",,W","13.3",",,W",,
"USW00023272","SAN FRANCISCO DOWNTOWN, CA US","37.7705","-122.4269","45.7","2019-09-24","0.0",",,W,2400",,,,,,,"32.2",",,W","16.1",",,W",,
"USW00023272","SAN FRANCISCO DOWNTOWN, CA US","37.7705","-122.4269","45.7","2019-09-25","0.0",",,W,2400",,,,,,,"34.4",",,W","17.8",",,W",,
"USW00023272","SAN FRANCISCO DOWNTOWN, CA US","37.7705","-122.4269","45.7","2019-09-26","0.0",",,W,2400",,,,,,,"25.0",",,W","15.6",",,W",,
"USW00023272","SAN FRANCISCO DOWNTOWN, CA US","37.7705","-122.4269","45.7","2019-09-27","0.8",",,W,2400",,,,,,,"17.8",",,W","13.3",",,W",,
"USW00023272","SAN FRANCISCO DOWNTOWN, CA US","37.7705","-122.4269","45.7","2019-09-28","0.0",",,W,2400",,,,,,,"17.2",",,W","11.7",",,W",,
"USW00023272","SAN FRANCISCO DOWNTOWN, CA US","37.7705","-122.4269","45.7","2019-09-29","0.0",",,W,2400",,,,,,,"17.8",",,W","11.1",",,W",,
"USW00023272","SAN FRANCISCO DOWNTOWN, CA US","37.7705","-122.4269","45.7","2019-09-30","0.0",",,W,2400",,,,,,,"16.7",",,W","12.2",",,W",,
"USW00023272","SAN FRANCISCO DOWNTOWN, CA US","37.7705","-122.4269","45.7","2019-10-01","0.0",",,W,2400","0.0",",,W","0.0",",,W",,,"17.8",",,W","10.6",",,W",,
"USW00023272","SAN FRANCISCO DOWNTOWN, CA US","37.7705","-122.4269","45.7","2019-10-02","0.0",",,W,2400","0.0",",,W","0.0",",,W",,,"20.6",",,W","10.6",",,W",,
"USW00023272","SAN FRANCISCO DOWNTOWN, CA US","37.7705","-122.4269","45.7","2019-10-03","0.0",",,W,2400","0.0",",,W","0.0",",,W",,,"17.2",",,W","11.1",",,W",,
"USW00023272","SAN FRANCISCO DOWNTOWN, CA US","37.7705","-122.4269","45.7","2019-10-04","0.0",",,W,2400","0.0",",,W","0.0",",,W",,,"20.6",",,W","11.1",",,W",,
"USW00023272","SAN FRANCISCO DOWNTOWN, CA US","37.7705","-122.4269","45.7","2019-10-05","0.0",",,W,2400","0.0",",,W","0.0",",,W",,,"23.9",",,W","12.2",",,W",,
"USW00023272","SAN FRANCISCO DOWNTOWN, CA US","37.7705","-122.4269","45.7","2019-10-06","0.0",",,W,2400","0.0",",,W","0.0",",,W",,,"28.3",",,W","14.4",",,W",,
"USW00023272","SAN FRANCISCO DOWNTOWN, CA US","37.7705","-122.4269","45.7","2019-10-07","0.0",",,W,2400","0.0",",,W","0.0",",,W",,,"28.3",",,W","16.1",",,W",,
"USW00023272","SAN FRANCISCO DOWNTOWN, CA US","37.7705","-122.4269","45.7","2019-10-08","0.0",",,W,2400","0.0",",,W","0.0",",,W",,,"24.4",",,W","13.3",",,W",,
"USW00023272","SAN FRANCISCO DOWNTOWN, CA US","37.7705","-122.4269","45.7","2019-10-09","0.0",",,W,2400","0.0",",,W","0.0",",,W",,,"18.3",",,W","11.7",",,W",,
"USW00023272","SAN FRANCISCO DOWNTOWN, CA US","37.7705","-122.4269","45.7","2019-10-10","0.0",",,W,2400","0.0",",,W","0.0",",,W",,,"24.4",",,W","15.6",",,W",,
"USW00023272","SAN FRANCISCO DOWNTOWN, CA US","37.7705","-122.4269","45.7","2019-10-11","0.0",",,W,2400","0.0",",,W","0.0",",,W",,,"25.6",",,W","12.8",",,W",,
"USW00023272","SAN FRANCISCO DOWNTOWN, CA US","37.7705","-122.4269","45.7","2019-10-12","0.0",",,W,2400","0.0",",,W","0.0",",,W",,,"25.0",",,W","12.8",",,W",,
"USW00023272","SAN FRANCISCO DOWNTOWN, CA US","37.7705","-122.4269","45.7","2019-10-13","0.0",",,W,2400","0.0",",,W","0.0",",,W",,,"16.7",",,W","10.0",",,W",,
"USW00023272","SAN FRANCISCO DOWNTOWN, CA US","37.7705","-122.4269","45.7","2019-10-14","0.0",",,W,2400","0.0",",,W","0.0",",,W",,,"16.7",",,W","10.6",",,W",,
"USW00023272","SAN FRANCISCO DOWNTOWN, CA US","37.7705","-122.4269","45.7","2019-10-15","0.0",",,W,2400","0.0",",,W","0.0",",,W",,,"20.0",",,W","10.0",",,W",,
"USW00023272","SAN FRANCISCO DOWNTOWN, CA US","37.7705","-122.4269","45.7","2019-10-16","0.0",",,W,2400","0.0",",,W","0.0",",,W",,,"17.2",",,W","11.1",",,W",,
"USW00023272","SAN FRANCISCO DOWNTOWN, CA US","37.7705","-122.4269","45.7","2019-10-17","0.3",",,W,2400","0.0",",,W","0.0",",,W",,,"17.2",",,W","12.2",",,W",,
"USW00023272","SAN FRANCISCO DOWNTOWN, CA US","37.7705","-122.4269","45.7","2019-10-18","0.0",",,W,2400","0.0",",,W","0.0",",,W",,,"17.8",",,W","12.2",",,W",,
"USW00023272","SAN FRANCISCO DOWNTOWN, CA US","37.7705","-122.4269","45.7","2019-10-19","0.0",",,W,2400","0.0",",,W","0.0",",,W",,,"18.3",",,W","12.2",",,W",,
"USW00023272","SAN FRANCISCO DOWNTOWN, CA US","37.7705","-122.4269","45.7","2019-10-20","0.0",",,W,2400","0.0",",,W","0.0",",,W",,,"20.0",",,W","11.1",",,W",,
"USW00023272","SAN FRANCISCO DOWNTOWN, CA US","37.7705","-122.4269","45.7","2019-10-21","0.0",",,W,2400","0.0",",,W","0.0",",,W",,,"25.0",",,W","13.3",",,W",,
"USW00023272","SAN FRANCISCO DOWNTOWN, CA US","37.7705","-122.4269","45.7","2019-10-22","0.0",",,W,2400","0.0",",,W","0.0",",,W",,,"27.2",",,W","15.0",",,W",,
"USW00023272","SAN FRANCISCO DOWNTOWN, CA US","37.7705","-122.4269","45.7","2019-10-23","0.0",",,W,2400","0.0",",,W","0.0",",,W",,,"28.3",",,W","15.6",",,W",,
"USW00023272","SAN FRANCISCO DOWNTOWN, CA US","37.7705","-122.4269","45.7","2019-10-24","0.0",",,W,2400","0.0",",,W","0.0",",,W",,,"30.6",",,W","17.8",",,W",,
"USW00023272","SAN FRANCISCO DOWNTOWN, CA US","37.7705","-122.4269","45.7","2019-10-25","0.0",",,W,2400","0.0",",,W","0.0",",,W",,,"30.0",",,W","17.2",",,W",,
"USW00023272","SAN FRANCISCO DOWNTOWN, CA US","37.7705","-122.4269","45.7","2019-10-26","0.0",",,W,2400","0.0",",,W","0.0",",,W",,,"22.2",",,W","12.8",",,W",,
"USW00023272","SAN FRANCISCO DOWNTOWN, CA US","37.7705","-122.4269","45.7","2019-10-27","0.0",",,W,2400","0.0",",,W","0.0",",,W",,,"19.4",",,W","12.2",",,W",,
"USW00023272","SAN FRANCISCO DOWNTOWN, CA US","37.7705","-122.4269","45.7","2019-10-28","0.0",",,W,2400","0.0",",,W","0.0",",,W",,,"20.6",",,W","11.1",",,W",,
"USW00023272","SAN FRANCISCO DOWNTOWN, CA US","37.7705","-122.4269","45.7","2019-10-29","0.0",",,W,2400","0.0",",,W","0.0",",,W",,,"21.1",",,W","10.0",",,W",,
"USW00023272","SAN FRANCISCO DOWNTOWN, CA US","37.7705","-122.4269","45.7","2019-10-30","0.0",",,W,2400","0.0",",,W","0.0",",,W",,,"19.4",",,W","10.0",",,W",,
"USW00023272","SAN FRANCISCO DOWNTOWN, CA US","37.7705","-122.4269","45.7","2019-10-31","0.0",",,W,2400","0.0",",,W","0.0",",,W",,,"21.1",",,W","11.7",",,W",,
"USW00023272","SAN FRANCISCO DOWNTOWN, CA US","37.7705","-122.4269","45.7","2019-11-01","0.0",",,W,2400","0.0",",,W","0.0",",,W",,,"22.2",",,W","10.0",",,W",,
"USW00023272","SAN FRANCISCO DOWNTOWN, CA US","37.7705","-122.4269","45.7","2019-11-02","0.0",",,W,2400","0.0",",,W","0.0",",,W",,,"22.8",",,W","11.1",",,W",,
"USW00023272","SAN FRANCISCO DOWNTOWN, CA US","37.7705","-122.4269","45.7","2019-11-03","0.0",",,W,2400","0.0",",,W","0.0",",,W",,,"24.4",",,W","11.1",",,W",,
"USW00023272","SAN FRANCISCO DOWNTOWN, CA US","37.7705","-122.4269","45.7","2019-11-04","0.0",",,W,2400","0.0",",,W","0.0",",,W",,,"21.7",",,W","9.4",",,W",,
"USW00023272","SAN FRANCISCO DOWNTOWN, CA US","37.7705","-122.4269","45.7","2019-11-05","0.0",",,W,2400","0.0",",,W","0.0",",,W",,,"17.8",",,W","8.9",",,W",,
"USW00023272","SAN FRANCISCO DOWNTOWN, CA US","37.7705","-122.4269","45.7","2019-11-06","0.0",",,W,2400","0.0",",,W","0.0",",,W",,,"15.6",",,W","10.0",",,W",,
"USW00023272","SAN FRANCISCO DOWNTOWN, CA US","37.7705","-122.4269","45.7","2019-11-07","0.0",",,W,2400","0.0",",,W","0.0",",,W",,,"15.6",",,W","9.4",",,W",,
"USW00023272","SAN FRANCISCO DOWNTOWN, CA US","37.7705","-122.4269","45.7","2019-11-08","0.0",",,W,2400","0.0",",,W","0.0",",,W",,,"15.6",",,W","10.6",",,W",,
"USW00023272","SAN FRANCISCO DOWNTOWN, CA US","37.7705","-122.4269","45.7","2019-11-09","0.0",",,W,2400","0.0",",,W","0.0",",,W",,,"17.2",",,W","10.0",",,W",,
"USW00023272","SAN FRANCISCO DOWNTOWN, CA US","37.7705","-122.4269","45.7","2019-11-10","0.0",",,W,2400","0.0",",,W","0.0",",,W",,,"17.8",",,W","10.6",",,W",,
"USW00023272","SAN FRANCISCO DOWNTOWN, CA US","37.7705","-122.4269","45.7","2019-11-11","0.0",",,W,2400","0.0",",,W","0.0",",,W",,,"24.4",",,W","10.0",",,W",,
"USW00023272","SAN FRANCISCO DOWNTOWN, CA US","37.7705","-122.4269","45.7","2019-11-12","0.0",",,W,2400","0.0",",,W","0.0",",,W",,,"20.6",",,W","10.6",",,W",,
"USW00023272","SAN FRANCISCO DOWNTOWN, CA US","37.7705","-122.4269","45.7","2019-11-13","0.0",",,W,2400","0.0",",,W","0.0",",,W",,,"13.9",",,W","9.4",",,W",,
"USW00023272","SAN FRANCISCO DOWNTOWN, CA US","37.7705","-122.4269","45.7","2019-11-14","0.5",",,W,2400","0.0",",,W","0.0",",,W",,,"16.1",",,W","12.2",",,W",,
"USW00023272","SAN FRANCISCO DOWNTOWN, CA US","37.7705","-122.4269","45.7","2019-11-15","0.0",",,W,2400","0.0",",,W","0.0",",,W",,,"17.8",",,W","12.8",",,W",,
"USW00023272","SAN FRANCISCO DOWNTOWN, CA US","37.7705","-122.4269","45.7","2019-11-16","0.0",",,W,2400","0.0",",,W","0.0",",,W",,,"20.0",",,W","11.1",",,W",,
"USW00023272","SAN FRANCISCO DOWNTOWN, CA US","37.7705","-122.4269","45.7","2019-11-17","0.0",",,W,2400","0.0",",,W","0.0",",,W",,,"22.8",",,W","11.1",",,W",,
"USW00023272","SAN FRANCISCO DOWNTOWN, CA US","37.7705","-122.4269","45.7","2019-11-18","0.0",",,W,2400","0.0",",,W","0.0",",,W",,,"23.3",",,W","12.8",",,W",,
"USW00023272","SAN FRANCISCO DOWNTOWN, CA US","37.7705","-122.4269","45.7","2019-11-19","0.0",",,W,2400","0.0",",,W","0.0",",,W",,,"15.6",",,W","11.7",",,W",,
"USW00023272","SAN FRANCISCO DOWNTOWN, CA US","37.7705","-122.4269","45.7","2019-11-20","0.0",",,W,2400","0.0",",,W","0.0",",,W",,,"18.9",",,W","11.1",",,W",,
"USW00023272","SAN FRANCISCO DOWNTOWN, CA US","37.7705","-122.4269","45.7","2019-11-21","0.0",",,W,2400","0.0",",,W","0.0",",,W",,,"17.2",",,W","11.7",",,W",,
"USW00023272","SAN FRANCISCO DOWNTOWN, CA US","37.7705","-122.4269","45.7","2019-11-22","0.0",",,W,2400","0.0",",,W","0.0",",,W",,,"17.8",",,W","10.0",",,W",,
"USW00023272","SAN FRANCISCO DOWNTOWN, CA US","37.7705","-122.4269","45.7","2019-11-23","0.0",",,W,2400","0.0",",,W","0.0",",,W",,,"19.4",",,W","10.0",",,W",,
"USW00023272","SAN FRANCISCO DOWNTOWN, CA US","37.7705","-122.4269","45.7","2019-11-24","0.0",",,W,2400","0.0",",,W","0.0",",,W",,,"18.9",",,W","10.0",",,W",,
"USW00023272","SAN FRANCISCO DOWNTOWN, CA US","37.7705","-122.4269","45.7","2019-11-25","0.0",",,W,2400","0.0",",,W","0.0",",,W",,,"17.2",",,W","9.4",",,W",,
"USW00023272","SAN FRANCISCO DOWNTOWN, CA US","37.7705","-122.4269","45.7","2019-11-26","24.9",",,W,2400",,,"0.0",",,W",,,"12.2",",,W","7.8",",,W",,
"USW00023272","SAN FRANCISCO DOWNTOWN, CA US","37.7705","-122.4269","45.7","2019-11-27","4.1",",,W,2400",,,"0.0",",,W",,,"11.1",",,W","7.2",",,W",,
"USW00023272","SAN FRANCISCO DOWNTOWN, CA US","37.7705","-122.4269","45.7","2019-11-28","3.6",",,W,2400","0.0",",,W","0.0",",,W",,,"8.9",",,W","5.6",",,W",,
"USW00023272","SAN FRANCISCO DOWNTOWN, CA US","37.7705","-122.4269","45.7","2019-11-29","0.3",",,W,2400","0.0",",,W","0.0",",,W",,,"11.7",",,W","5.6",",,W",,
"USW00023272","SAN FRANCISCO DOWNTOWN, CA US","37.7705","-122.4269","45.7","2019-11-30","3.8",",,W,2400",,,"0.0",",,W",,,"11.1",",,W","6.7",",,W",,
"USW00023272","SAN FRANCISCO DOWNTOWN, CA US","37.7705","-122.4269","45.7","2019-12-01","5.1",",,W,2400",,,,,,,"12.8",",,W","11.1",",,W",,
"USW00023272","SAN FRANCISCO DOWNTOWN, CA US","37.7705","-122.4269","45.7","2019-12-02","6.9",",,W,2400",,,,,,,"14.4",",,W","11.7",",,W",,
"USW00023272","SAN FRANCISCO DOWNTOWN, CA US","37.7705","-122.4269","45.7","2019-12-03","0.3",",,W,2400",,,,,,,"16.1",",,W","11.1",",,W",,
"USW00023272","SAN FRANCISCO DOWNTOWN, CA US","37.7705","-122.4269","45.7","2019-12-04","5.3",",,W,2400",,,,,,,"14.4",",,W","11.1",",,W",,
"USW00023272","SAN FRANCISCO DOWNTOWN, CA US","37.7705","-122.4269","45.7","2019-12-05","0.3",",,W,2400",,,,,,,"15.0",",,W","11.7",",,W",,
"USW00023272","SAN FRANCISCO DOWNTOWN, CA US","37.7705","-122.4269","45.7","2019-12-06","7.9",",,W,2400",,,,,,,"17.2",",,W","12.2",",,W",,
"USW00023272","SAN FRANCISCO DOWNTOWN, CA US","37.7705","-122.4269","45.7","2019-12-07","23.6",",,W,2400",,,,,,,"16.7",",,W","12.2",",,W",,
"USW00023272","SAN FRANCISCO DOWNTOWN, CA US","37.7705","-122.4269","45.7","2019-12-08","4.1",",,W,2400",,,,,,,"15.0",",,W","11.1",",,W",,
"USW00023272","SAN FRANCISCO DOWNTOWN, CA US","37.7705","-122.4269","45.7","2019-12-09","0.0",",,W,2400",,,,,,,"13.3",",,W","10.0",",,W",,
"USW00023272","SAN FRANCISCO DOWNTOWN, CA US","37.7705","-122.4269","45.7","2019-12-10","4.3",",,W,2400",,,,,,,"14.4",",,W","10.6",",,W",,
"USW00023272","SAN FRANCISCO DOWNTOWN, CA US","37.7705","-122.4269","45.7","2019-12-11","5.6",",,W,2400",,,,,,,"14.4",",,W","11.1",",,W",,
"USW00023272","SAN FRANCISCO DOWNTOWN, CA US","37.7705","-122.4269","45.7","2019-12-12","1.8",",,W,2400",,,,,,,"15.6",",,W","13.3",",,W",,
"USW00023272","SAN FRANCISCO DOWNTOWN, CA US","37.7705","-122.4269","45.7","2019-12-13","1.8",",,W,2400",,,,,,,"14.4",",,W","11.7",",,W",,
"USW00023272","SAN FRANCISCO DOWNTOWN, CA US","37.7705","-122.4269","45.7","2019-12-14","1.5",",,W,2400",,,,,,,"13.3",",,W","9.4",",,W",,
"USW00023272","SAN FRANCISCO DOWNTOWN, CA US","37.7705","-122.4269","45.7","2019-12-15","0.0",",,W,2400",,,,,,,"13.3",",,W","8.9",",,W",,
"USW00023272","SAN FRANCISCO DOWNTOWN, CA US","37.7705","-122.4269","45.7","2019-12-16","0.0",",,W,2400",,,,,,,"13.9",",,W","7.8",",,W",,
"USW00023272","SAN FRANCISCO DOWNTOWN, CA US","37.7705","-122.4269","45.7","2019-12-17","0.0",",,W,2400",,,,,,,"13.9",",,W","8.3",",,W",,
"USW00023272","SAN FRANCISCO DOWNTOWN, CA US","37.7705","-122.4269","45.7","2019-12-18","21.8",",,W,2400",,,,,,,"12.2",",,W","8.9",",,W",,
"USW00023272","SAN FRANCISCO DOWNTOWN, CA US","37.7705","-122.4269","45.7","2019-12-19","0.8",",,W,2400",,,,,,,"15.0",",,W","11.1",",,W",,
"USW00023272","SAN FRANCISCO DOWNTOWN, CA US","37.7705","-122.4269","45.7","2019-12-20","0.0",",,W,2400",,,,,,,"15.0",",,W","10.0",",,W",,
"USW00023272","SAN FRANCISCO DOWNTOWN, CA US","37.7705","-122.4269","45.7","2019-12-21","0.0",",,W,2400",,,,,,,"16.1",",,W","10.0",",,W",,
"USW00023272","SAN FRANCISCO DOWNTOWN, CA US","37.7705","-122.4269","45.7","2019-12-22","11.7",",,W,2400",,,,,,,"13.3",",,W","8.9",",,W",,
"USW00023272","SAN FRANCISCO DOWNTOWN, CA US","37.7705","-122.4269","45.7","2019-12-23","0.0",",,W,2400",,,,,,,"12.8",",,W","7.2",",,W",,
"USW00023272","SAN FRANCISCO DOWNTOWN, CA US","37.7705","-122.4269","45.7","2019-12-24","0.0",",,W,2400",,,,,,,"11.7",",,W","6.7",",,W",,
"USW00023272","SAN FRANCISCO DOWNTOWN, CA US","37.7705","-122.4269","45.7","2019-12-25","8.9",",,W,2400",,,,,,,"11.1",",,W","7.8",",,W",,
"USW00023272","SAN FRANCISCO DOWNTOWN, CA US","37.7705","-122.4269","45.7","2019-12-26","0.0",",,W,2400",,,,,,,"13.9",",,W","7.2",",,W",,
"USW00023272","SAN FRANCISCO DOWNTOWN, CA US","37.7705","-122.4269","45.7","2019-12-27","0.0",",,W,2400",,,,,,,"14.4",",,W","6.1",",,W",,
"USW00023272","SAN FRANCISCO DOWNTOWN, CA US","37.7705","-122.4269","45.7","2019-12-28","0.0",",,W,2400",,,,,,,"15.0",",,W","6.7",",,W",,
"USW00023272","SAN FRANCISCO DOWNTOWN, CA US","37.7705","-122.4269","45.7","2019-12-29","13.0",",,W,2400",,,,,,,"12.2",",,W","8.9",",,W",,
"USW00023272","SAN FRANCISCO DOWNTOWN, CA US","37.7705","-122.4269","45.7","2019-12-30","0.3",",,W,2400",,,,,,,"15.6",",,W","8.3",",,W",,
"USW00023272","SAN FRANCISCO DOWNTOWN, CA US","37.7705","-122.4269","45.7","2019-12-31","0.0",",,W,2400",,,,,,,"17.2",",,W","7.8",",,W",,
